sample,ear,mar
b165_open_normal,0.537332,0.026452
b165_open_yawn,0.539372,0.222222
b165_closed_normal,0.133419,0.026824
b165_closed_yawn,0.145979,0.275819
b210_open_normal,0.537332,0.026452
b210_open_yawn,0.530793,0.138796
b210_closed_normal,0.133419,0.026824
b210_closed_yawn,0.141691,0.252449
b235_open_normal,0.537332,0.026452
b235_open_yawn,0.529528,0.157001
b235_closed_normal,0.133419,0.026824
b235_closed_yawn,0.142858,0.253832
